<application>
  <component name="AndroidLogcatFilterHistory">
    <option name="favorites">
      <list>
        <option value="package:mine " />
      </list>
    </option>
    <option name="mostRecentlyUsed" value="package:mine HEVO_LASTMILE_APP_EVENTS" />
    <option name="nonFavorites">
      <list>
        <option value="package:mine HEVO_LASTMILE_APP_EVENTS" />
        <option value="package:mine hevo " />
        <option value="package:mine fatal " />
        <option value="fatal" />
        <option value="package:mine asdf " />
        <option value="hevo" />
        <option value="package:mine otp " />
        <option value="package:mine  " />
        <option value="package:mine error" />
        <option value="package:mine otp" />
        <option value="package:mine fatal" />
        <option value="otp" />
        <option value="package:mine erro " />
        <option value="package:mine error " />
        <option value="package:mine events " />
        <option value="package:mine event" />
        <option value="package:mine asdf" />
        <option value="package:mine" />
        <option value="asdfasf" />
        <option value="package:mine asdf1234" />
      </list>
    </option>
  </component>
</application>