<application>
  <component name="FileTypeManager" version="19">
    <extensionMap>
      <mapping ext="gradle.kts" type="Kotlin" />
      <mapping ext="main.kts" type="Kotlin" />
      <mapping pattern=".env" type="PLAIN_TEXT" />
      <mapping ext="jks" type="PLAIN_TEXT" />
      <removed_mapping ext="apk" approved="true" type="ARCHIVE" />
      <removed_mapping ext="pro" approved="true" type="DeviceSpecFile" />
      <removed_mapping ext="psd" approved="true" type="Image" />
      <removed_mapping pattern="pubspec.lock" approved="true" type="YAML" />
    </extensionMap>
  </component>
</application>