<application>
  <component name="StudioBotSettings">
    <option name="acceptedTermsVersion" value="3" />
    <option name="contextSharingMode" value="AlwaysShare" />
    <option name="onboardedVersion" value="3" />
    <option name="queryHistory">
      <list>
        <historyEntry timestamp="1730802272595">I want to enable context sharing</historyEntry>
        <historyEntry timestamp="1730802205682">are u able to view the files in my project ?</historyEntry>
        <historyEntry timestamp="1730800289864">@Composable
fun BulkItemCard(
    state: BulkItemCardState,
    onGoodQtyTextChange: (String) -&gt; Unit,
    onGoodQtyIncreaseClick: () -&gt; Unit,
    onGoodQtyDecreaseClick: () -&gt; Unit,
    onDamagedQtyTextChange: (String) -&gt; Unit,
    onDamagedQtyIncreaseClick: () -&gt; Unit,
    onDamagedQtyDecreaseClick: () -&gt; Unit,
    onMissingQtyTextChange: (String) -&gt; Unit,
    onMissingQtyIncreaseClick: () -&gt; Unit,
    onMissingQtyDecreaseClick: () -&gt; Unit,
) {
    val spacing = LocalSpacing.current
    Column(
        modifier = Modifier
            .fillMaxWidth()
            .background(Color.White)
            .padding(spacing.spaceSmall)
    ) {
        Text(text = state.storeName, fontWeight = FontWeight.Bold)
        Spacer(modifier = Modifier.height(spacing.spaceExtraSmall))
        Row(
            verticalAlignment = Alignment.CenterVertically,
            horizontalArrangement = Arrangement.SpaceBetween,
            modifier = Modifier.fillMaxWidth()
        ) {
            Row(
                verticalAlignment = Alignment.CenterVertically,
            ) {
                CoilImage(
                    url = state.imageUrl,
                    modifier = Modifier.size(64.dp)
                )
                Spacer(modifier = Modifier.width(spacing.spaceExtraSmall))
                Text(
                    text = state.productName,
                    color = DarkGrey,
                )
            }
            Spacer(modifier = Modifier.width(spacing.spaceExtraSmall))
            Image(painter = painterResource(id = R.drawable.arrow_up), contentDescription = &quot;&quot;)
        }
        AnimatedVisibility(visible = state.isExpanded) {
            Column {
                val amountText = stringResource(id = R.string.mrp, state.productAmount)
                Text(
                    text = amountText,
                    color = Color.Red,
                    modifier = Modifier.padding(
                        vertical = spacing.spaceExtraSmall,
                        horizontal = spacing.spaceMedium
                    )
                )
                QuantitySection(
                    modifier = Modifier.padding(spacing.spaceMedium),
                    text = stringResource(id = R.string.good_qty),
                    qty = state.goodQuantity,
                    color = TextLightGreen,
                    onTextChange = onGoodQtyTextChange,
                    onIncreaseClick = onGoodQtyIncreaseClick,
                    onDecreaseClick = onGoodQtyDecreaseClick
                )
                QuantitySection(
                    modifier = Modifier.padding(spacing.spaceMedium),
                    text = stringResource(id = R.string.damaged_qty),
                    qty = state.damagedQuantity,
                    color = TextDarkRed,
                    onTextChange = onDamagedQtyTextChange,
                    onIncreaseClick = onDamagedQtyIncreaseClick,
                    onDecreaseClick = onDamagedQtyDecreaseClick
                )
                QuantitySection(
                    modifier = Modifier.padding(spacing.spaceMedium),
                    text = stringResource(id = R.string.missing_qty),
                    qty = state.missingQuantity,
                    color = DarkGrey,
                    onTextChange = onMissingQtyTextChange,
                    onIncreaseClick = onMissingQtyIncreaseClick,
                    onDecreaseClick = onMissingQtyDecreaseClick
                )
            }
        }
    }
}

@Composable
fun QuantitySection(
    modifier: Modifier = Modifier,
    text: String,
    qty: String,
    color: Color,
    onTextChange: (String) -&gt; Unit,
    onIncreaseClick: () -&gt; Unit,
    onDecreaseClick: () -&gt; Unit,
) {
    val spacing = LocalSpacing.current
    Row(
        modifier = modifier.fillMaxWidth(),
        verticalAlignment = Alignment.CenterVertically,
        horizontalArrangement = Arrangement.SpaceBetween
    ) {
        Text(text = text)
        Row(
            verticalAlignment = Alignment.CenterVertically
        ) {
            Counter(
                onTextChange = onTextChange,
                onIncreaseClick = onIncreaseClick,
                onDecreaseClick = onDecreaseClick,
                qty = qty,
                color = color
            )
            Spacer(modifier = Modifier.width(spacing.spaceMedium))
            Text(text = &quot;Pc&quot;)
        }
    }
}

private val COUNTER_SECTION_SIZE = 36.dp

@Composable
fun Counter(
    onTextChange: (String) -&gt; Unit,
    onIncreaseClick: () -&gt; Unit,
    onDecreaseClick: () -&gt; Unit,
    qty: String,
    color: Color
) {
    Row(
        verticalAlignment = Alignment.CenterVertically,
        modifier = Modifier
            .border(
                width = 1.dp,
                color = Color.Gray,
                shape = RoundedCornerShape(5.dp)
            )
            .height(36.dp)
    ) {
        Box(
            modifier = Modifier
                .size(COUNTER_SECTION_SIZE)
                .clickable(
                    onClick = onDecreaseClick
                ),
            contentAlignment = Alignment.Center
        ) {
            Text(
                text = &quot;-&quot;,
                modifier = Modifier.width(36.dp),
                textAlign = TextAlign.Center
            )
        }
        Divider(
            modifier = Modifier
                .height(36.dp)
                .width(1.dp),
            color = Color.Gray
        )
        BasicTextField(
            value = qty,
            onValueChange = onTextChange,
            decorationBox = { innerTextField -&gt;
                Box(
                    modifier = Modifier.size(COUNTER_SECTION_SIZE),
                    contentAlignment = Alignment.Center
                ) {
                    innerTextField()
                }
            },
            textStyle = TextStyle.Default.copy(
                textAlign = TextAlign.Center,
                color = color
            )
        )
        Divider(
            modifier = Modifier
                .height(36.dp)
                .width(1.dp),
            color = Color.Gray
        )
        Box(
            modifier = Modifier
                .size(COUNTER_SECTION_SIZE)
                .clickable(
                    onClick = onIncreaseClick
                ),
            contentAlignment = Alignment.Center
        ) {
            Text(
                text = &quot;+&quot;,
            )
        }

    }
}


@Preview
@Composable
private fun BulkItemCardPreview() {
    Column(
        modifier = Modifier.background(Color.White)
    ) {
        BulkItemCard(
            state = BulkItemCardState(
                storeName = &quot;sa&quot;,
                jpin = &quot;sd&quot;,
                title = &quot;title&quot;,
                imageUrl = &quot;sd&quot;,
                goodQuantity = &quot;234&quot;,
                damagedQuantity = &quot;234&quot;,
                missingQuantity = &quot;233&quot;,
                productName = &quot;Britannia Bourbon the original, 60g pack&quot;,
                isExpanded = true,
                productAmount = BigDecimal.TEN
            ),
            onGoodQtyTextChange = {},
            onGoodQtyDecreaseClick = {},
            onDamagedQtyTextChange = {},
            onGoodQtyIncreaseClick = {},
            onMissingQtyTextChange = {},
            onDamagedQtyDecreaseClick = {},
            onDamagedQtyIncreaseClick = {},
            onMissingQtyDecreaseClick = {},
            onMissingQtyIncreaseClick = {},
        )
    }
}

is this good ?</historyEntry>
        <historyEntry timestamp="1730800229733">is there any improvments I can make it BulkItemCard that I have in my project ?</historyEntry>
      </list>
    </option>
  </component>
</application>