<application>
  <component name="ProjectViewFileNesting">
    <nesting-rules>
      <NestingRule child-file-suffix=".dart.js" parent-file-suffix=".dart" />
      <NestingRule child-file-suffix=".dart.js.map" parent-file-suffix=".dart" />
      <NestingRule child-file-suffix=".dart.js.deps" parent-file-suffix=".dart" />
      <NestingRule child-file-suffix=".dart.js.tar.gz" parent-file-suffix=".dart" />
      <NestingRule child-file-suffix=".module" parent-file-suffix=".dart" />
    </nesting-rules>
  </component>
  <component name="UISettings">
    <option name="MAX_LOOKUP_LIST_HEIGHT" value="12" />
  </component>
</application>